qwen_macro,publication_year,n,n_broad,n_specialized,journals,status,estimate,se,ci_low,ci_high,bootstrap_ci_low,bootstrap_ci_high,far_near_broad,far_near_specialized,display_label,p_value,q_value_bh
0,2015,18428,8197,10231,3052,estimated,-0.0994208173991214,0.111969236280617,-0.3188805205091308,0.1200388857108879,-0.3086327706083669,0.1305048620635113,1.5012612653380264,1.3591843551288554,"Business, economics & policy",0.3745785338668717,0.7313199946924638
0,2016,19622,8579,11043,3332,estimated,-0.1881653054505634,0.0989620869682102,-0.3821309959082555,0.0058003850071285,-0.3745579465910055,0.0008647052568561,1.5986682725093888,1.3244610838542847,"Business, economics & policy",0.0572512355082512,0.2832319780128169
0,2017,22690,10050,12640,3531,estimated,-0.1029251935344576,0.1015140558753693,-0.3018927430501814,0.0960423559812662,-0.2940454453714333,0.1159441767776595,1.492816671446126,1.3468109321717463,"Business, economics & policy",0.3106300375665115,0.6978537830261355
0,2018,24227,10986,13241,3729,estimated,-0.1220609355483111,0.086492523823425,-0.2915862822422241,0.0474644111456019,-0.2833200223870463,0.0478065003077882,1.5460419758566424,1.3683931462388437,"Business, economics & policy",0.1581764963894398,0.4988643347666949
0,2019,26561,11445,15116,3970,estimated,-0.2459424750980859,0.0877454644543809,-0.4179235854286726,-0.0739613647674994,-0.4134949751917243,-0.079994814200382,1.5663265731325675,1.2248160144183184,"Business, economics & policy",0.0050644094387017,0.103820393493386
0,2020,32355,13836,18519,4352,estimated,-0.2050011424125704,0.0831614327282334,-0.367997550559908,-0.0420047342652327,-0.3677344017317193,-0.0352493819529144,1.4515480281065594,1.1824983548375323,"Business, economics & policy",0.0136975501980891,0.1247999018048125
1,2015,12392,5247,7145,1864,estimated,-0.059462446864845,0.1713903220225581,-0.3953874780290589,0.2764625842993689,-0.3534568320120956,0.2518147153784396,1.0890556602604604,1.0261854769143992,Earth & environmental science,0.7286351303731395,0.9121844380243884
1,2016,12784,5148,7636,1986,estimated,0.0786029480793311,0.1989173268942275,-0.3112750126333548,0.468480908792017,-0.3028035083024893,0.4760350470852469,1.017048662128263,1.1002175276922628,Earth & environmental science,0.6927293473108105,0.8945481335352199
1,2017,13447,5687,7760,2001,estimated,-0.49891693661651,0.3324482100938534,-1.1505154284004626,0.1526815551674426,-1.103062034747711,0.1812086763093484,1.68145967974167,1.0209620168187377,Earth & environmental science,0.1334239048697015,0.4376304079726211
1,2018,15458,7180,8278,2142,estimated,0.0917860565524051,0.1503709187164305,-0.2029409441317987,0.386513057236609,-0.2040866587094505,0.3924565204289324,1.1275524560336854,1.235944397353038,Earth & environmental science,0.5415984194641789,0.8597150854953639
1,2019,12839,5290,7549,2216,estimated,-0.1396234946399519,0.1476237626168121,-0.4289660693689037,0.1497190800889998,-0.4394674445550618,0.127921180465272,1.3502683125049764,1.174308927857549,Earth & environmental science,0.3442473573782701,0.7238516610665888
1,2020,15682,7038,8644,2446,estimated,-0.0385290822407824,0.1797202474858655,-0.3907807673130788,0.3137226028315139,-0.4212617220905336,0.2878811531803292,1.330786850559721,1.2804880598558288,Earth & environmental science,0.8302478923971732,0.9505531091190016
2,2015,8331,4207,4124,1516,not_estimable,,,,,,,,,"Reproduction, metabolism & animal science",,
2,2016,8193,3956,4237,1509,not_estimable,,,,,,,,,"Reproduction, metabolism & animal science",,
2,2017,8476,4195,4281,1584,not_estimable,,,,,,,,,"Reproduction, metabolism & animal science",,
2,2018,9106,4158,4948,1684,not_estimable,,,,,,,,,"Reproduction, metabolism & animal science",,
2,2019,9912,4314,5598,1723,not_estimable,,,,,,,,,"Reproduction, metabolism & animal science",,
2,2020,10325,4748,5577,1754,not_estimable,,,,,,,,,"Reproduction, metabolism & animal science",,
3,2015,10901,5072,5829,1222,estimated,0.2407641620595512,0.1368547522826906,-0.0274711524145225,0.508999476533625,-0.0436754478713716,0.5337708642154111,0.884256045136819,1.1249690763574407,Electrical & control engineering,0.0785320292585515,0.3340754404850337
3,2016,11434,5050,6384,1270,estimated,-0.0808532378210794,0.1399233895563052,-0.3551030813514377,0.1933966057092788,-0.333398012120962,0.23731156476819,0.9313860898437796,0.8590444423362558,Electrical & control engineering,0.5633725984967659,0.8597150854953639
3,2017,12415,6022,6393,1379,estimated,-0.1655576382595864,0.1650255353090434,-0.4890076874653116,0.1578924109461386,-0.477249034189085,0.1792705945067624,1.0874066401673812,0.9214912419086628,Electrical & control engineering,0.3157526185029161,0.6997760734388951
3,2018,12880,5940,6940,1413,estimated,-0.1771946129820568,0.1643890066578942,-0.4993970660315296,0.1450078400674159,-0.4823958272660154,0.2015878271159579,1.1380362099006207,0.9532382001284252,Electrical & control engineering,0.2810791925970973,0.6778968762635876
3,2019,13111,5961,7150,1502,estimated,-0.1683227343176616,0.1383104277437844,-0.4394111726954791,0.1027657040601558,-0.4176879947332471,0.1149319265213629,1.0997360456989502,0.929366096634092,Electrical & control engineering,0.2236071214738157,0.6322684124432032
3,2020,14229,6251,7978,1584,estimated,0.0199033981443643,0.1475698004647645,-0.2693334107665741,0.3091402070553028,-0.2521371258446895,0.3271584074982041,1.105817509896525,1.1280475286733769,Electrical & control engineering,0.8927111276517493,0.9631883219400452
4,2015,34437,14087,20350,2713,estimated,0.0037190352125963,0.1241734412506777,-0.2396609096387319,0.2470989800639245,-0.2347993451093064,0.2400743871337317,1.438896643738876,1.4442579142216732,Plant & microbial biology,0.9761066684176118,0.9952631405127114
4,2016,34167,13601,20566,2738,estimated,-0.1998092529254309,0.115220094568504,-0.4256406382796988,0.0260221324288368,-0.4130750562438083,0.0306434666163085,1.6785352550432462,1.3745305961154366,Plant & microbial biology,0.0828909700903554,0.3340754404850337
4,2017,32024,13502,18522,2871,estimated,-0.2704780021730246,0.1452706162727337,-0.5552084100675827,0.0142524057215334,-0.5528835816070908,-0.0074606900648728,1.5976994098184916,1.2190681110711332,Plant & microbial biology,0.0626185052352033,0.2852620794048153
4,2018,32995,14107,18888,3095,estimated,-0.2371674331611056,0.138029318360857,-0.5077048971483855,0.0333700308261741,-0.4874096053647617,0.0718348094925284,1.970133016347382,1.5541575468372804,Plant & microbial biology,0.0857529312852656,0.3340754404850337
4,2019,35364,13857,21507,3193,estimated,-0.1017227448105899,0.0906117279910386,-0.2793217316730257,0.0758762420518458,-0.2598468266611249,0.07604194366905,1.6142302256986654,1.4581018072584817,Plant & microbial biology,0.2615979481390925,0.6634361074639235
4,2020,37664,15709,21955,3313,estimated,-0.2383266690321374,0.0770114065760582,-0.3892690259212116,-0.0873843121430631,-0.3837570485139142,-0.0983320844687349,1.968429648867888,1.55101479519899,Plant & microbial biology,0.0019701663673909,0.0777643364222804
5,2015,19671,7987,11684,1975,estimated,-0.3246447848732803,0.2121261590304547,-0.7404120565729715,0.0911224868264109,-0.7474687213317259,0.0606834326000005,1.410185387388316,1.0192595081934226,Energy & thermal engineering,0.1259096897154238,0.4309255069857282
5,2016,20249,7827,12422,2120,estimated,-0.1272714509871376,0.1677157558448769,-0.4559943324430965,0.2014514304688212,-0.4273646128140292,0.1894969286238541,1.105298591067368,0.9732094728960916,Energy & thermal engineering,0.4479410444375915,0.789917540728656
5,2017,20380,8065,12315,2231,estimated,-0.1201060320749354,0.1694399884378154,-0.4522084094130537,0.2119963452631829,-0.4919468956142385,0.2250929244947755,1.2685734130098203,1.1250043926000624,Energy & thermal engineering,0.4784230737894968,0.8173060843903904
5,2018,21533,8496,13037,2289,estimated,0.2387905973986217,0.2730451630383561,-0.2963779221565562,0.7739591169537997,-0.2768383055026122,0.7629619815625963,1.0346821554586108,1.3137489983553263,Energy & thermal engineering,0.3818208964918785,0.7366897297019774
5,2019,20869,8661,12208,2412,estimated,0.206175135333952,0.1822676519202299,-0.1510694624296987,0.5634197330976027,-0.183884999972655,0.5728703878480519,1.0757068889152552,1.3220097966682631,Energy & thermal engineering,0.2579848494349446,0.6634361074639235
5,2020,22204,8865,13339,2552,estimated,0.1758025471023867,0.1583785384565404,-0.1346193882724324,0.4862244824772059,-0.1448464213824209,0.4925250841353688,1.088766017495291,1.2980297111940144,Energy & thermal engineering,0.2669925798330423,0.6634361074639235
6,2015,18065,8301,9764,1801,estimated,0.0580752184502856,0.1073577261019385,-0.1523459247095138,0.2684963616100851,-0.1385769339807403,0.2539665099482072,1.6825028815165712,1.7831076514189916,Clinical diagnostics & case reports,0.5885416834925057,0.8597150854953639
6,2016,17899,8001,9898,1907,estimated,0.2219130601133597,0.1169374903216108,-0.0072844209169975,0.451110541143717,-0.0207142566074318,0.4551130420331223,1.534150129110465,1.915329414793161,Clinical diagnostics & case reports,0.0577347280769273,0.2832319780128169
6,2017,18669,8230,10439,1997,estimated,-0.0308030849707633,0.1337486938841518,-0.2929505249837009,0.2313443550421742,-0.2992494746169107,0.2244034228831024,1.7998555933776064,1.7452596668677105,Clinical diagnostics & case reports,0.8178542409787593,0.9505531091190016
6,2018,18697,7896,10801,2082,estimated,-0.1043893003659571,0.0834588989296271,-0.2679687422680263,0.059190141536112,-0.2597686286122743,0.0758650704886901,1.9315789309263027,1.7401102390855874,Clinical diagnostics & case reports,0.2110122228946398,0.617964367048588
6,2019,20303,8291,12012,2151,estimated,-0.0370931702139809,0.0781467140389153,-0.1902607297302549,0.116074389302293,-0.1899943842053923,0.1179280879436191,1.7803658514350518,1.7155362388936386,Clinical diagnostics & case reports,0.6350288682796672,0.87516583527618
6,2020,21793,9035,12758,2296,estimated,-0.6294403515674581,0.3693575933489394,-1.3533812345313794,0.094500531396463,-1.427696190133095,0.051537365488437,3.652159900241023,1.946199301498876,Clinical diagnostics & case reports,0.0883532653201679,0.3340754404850337
7,2015,27895,11974,15921,1879,estimated,-0.0049783372628855,0.3675908891879108,-0.7254564800711908,0.7154998055454197,-0.7246244015392035,0.7168644720745613,0.969139341435102,0.9643266285324854,Electrochemical materials,0.9891944628266582,0.9952631405127114
7,2016,26794,11419,15375,1997,estimated,0.5528196535098084,0.4165729732371699,-0.2636633740350446,1.3693026810546614,-0.2487200825269346,1.3805132343445097,0.5660626019016438,0.9839000627645584,Electrochemical materials,0.1844869907208938,0.5602938236708627
7,2017,26828,10958,15870,2061,estimated,-0.0329938217446734,0.15131406091315,-0.3295693811344475,0.2635817376451005,-0.3186049659953385,0.2690717244295265,0.947125364471982,0.9163859725404848,Electrochemical materials,0.8273912315996399,0.9505531091190016
7,2018,28639,11193,17446,2161,estimated,-0.1993877954171179,0.1907164510522764,-0.5731920394795798,0.1744164486453439,-0.5396819441677032,0.1660655736003686,0.8724581123272296,0.7147457240284761,Electrochemical materials,0.2958070891351868,0.6832727129319809
7,2019,29496,10893,18603,2199,estimated,-0.3003222609336369,0.1364405007832187,-0.5677456424687456,-0.0328988793985282,-0.5466664031299506,-0.019811522704298,1.026458270264818,0.7601739755294596,Electrochemical materials,0.0277273503748188,0.2106182614356938
7,2020,32814,10882,21932,2238,estimated,-0.1569528936204882,0.0787492989890668,-0.3113015196390591,-0.0026042676019173,-0.2958290324060855,0.0123608322306448,0.9023917359499712,0.7713142123242219,Electrochemical materials,0.0462537431791718,0.2804842666179827
8,2015,21095,8023,13072,3248,estimated,-0.4656421513270457,0.1563629554347816,-0.7721135439792177,-0.1591707586748736,-0.7496990155318383,-0.160454497911413,4.129424783398358,2.592171569713032,Humanities & politics,0.0029017673017481,0.0793149729144486
8,2016,22615,8767,13848,3501,estimated,-0.197565174124852,0.1887759121301861,-0.5675659619000168,0.1724356136503126,-0.5800615780162365,0.1733114423813287,3.405865901221913,2.7952849071797083,Humanities & politics,0.2953029116824663,0.6832727129319809
8,2017,24223,9333,14890,3545,estimated,-0.1150326913916075,0.1768550264702474,-0.4616685432732925,0.2316031604900774,-0.4841484589282022,0.2084635826855793,3.203411982998829,2.8553196407322665,Humanities & politics,0.5154113036884668,0.8597150854953639
8,2018,25644,10076,15568,3718,estimated,-0.0402544006933199,0.1546259444727751,-0.3433212518599592,0.2628124504733192,-0.3171378031443853,0.2863022642319117,2.9416521694075723,2.8255894146767635,Humanities & politics,0.7946060980912983,0.9505531091190016
8,2019,27435,10719,16716,3918,estimated,-0.0346345317429523,0.2205883809257122,-0.4669877583573483,0.3977186948714435,-0.4724046655960147,0.4023438098260952,3.5824659888178307,3.46051303895275,Humanities & politics,0.8752371454399814,0.9537169056447417
8,2020,30397,11727,18670,4184,estimated,-0.144895143664704,0.0944401506920272,-0.3299978390210773,0.0402075516916692,-0.3240160161045769,0.0300935766963765,3.712623393686281,3.211838765449369,Humanities & politics,0.1249672694628671,0.4309255069857282
9,2015,27811,13977,13834,1940,estimated,-0.0731126957024646,0.1188477503495874,-0.3060542863876561,0.1598288949827268,-0.3058755509963891,0.1586306007617536,2.05430711217162,1.9094703953691865,Cell & neural biology,0.5384362063479873,0.8597150854953639
9,2016,25781,12904,12877,1961,estimated,-0.0285456013195588,0.1417738843201281,-0.30642241458701,0.2493312119478922,-0.2817788839342164,0.2434871837113666,2.0231484371487314,1.966212943513883,Cell & neural biology,0.8404280537942392,0.9505531091190016
9,2017,24334,12095,12239,2015,estimated,-0.0264872680690341,0.107817674787906,-0.23780991065333,0.1848353745152618,-0.2228741359894236,0.2027165421295895,2.1949519738285512,2.137576901334171,Cell & neural biology,0.8059398518982887,0.9505531091190016
9,2018,24458,11707,12751,2110,estimated,0.0465918107645806,0.0918026494181474,-0.1333413820949883,0.2265250036241496,-0.1252320307690148,0.2206872266429169,2.3825239447751243,2.4961566714137207,Cell & neural biology,0.6117890126121461,0.8597150854953639
9,2019,23288,11380,11908,2141,estimated,-0.0038600617747218,0.0694207064703094,-0.1399246464565283,0.1322045229070845,-0.1327433986693484,0.127094728477168,2.6143384840208457,2.6042664278581835,Cell & neural biology,0.9556573603836463,0.991948146221
9,2020,23847,11889,11958,2212,estimated,-0.0533591890476715,0.0922185077256623,-0.2341074641899696,0.1273890860946265,-0.2300292913411158,0.1334996885676831,2.8513963416721984,2.703236150886109,Cell & neural biology,0.5628476843422341,0.8597150854953639
10,2015,11891,5371,6520,2618,estimated,-0.0238144450508755,0.1160993169584146,-0.2513691062893682,0.2037402161876172,-0.2661725200741772,0.213031295680571,1.7750919255934308,1.7333184764474443,Social behavior & violence,0.8374773402622651,0.9505531091190016
10,2016,12068,5167,6901,2789,estimated,-0.1926969589896497,0.0966675169620742,-0.3821652922353151,-0.0032286257439843,-0.357022153769023,0.0092685709929566,2.068576404740105,1.706020873799652,Social behavior & violence,0.0462177423502059,0.2804842666179827
10,2017,13152,5442,7710,3004,estimated,-0.1130474945864988,0.0997797615779936,-0.3086158272793664,0.0825208381063686,-0.3063680529014732,0.0971420489718632,1.9186982495906169,1.7136052192812397,Social behavior & violence,0.2572267755951135,0.6634361074639235
10,2018,14067,5884,8183,3120,estimated,-0.0461709771091094,0.0750950044830664,-0.1933571858959197,0.1010152316777008,-0.1939842512785492,0.0902449051319233,1.900158745448612,1.8144210857329897,Social behavior & violence,0.5386642200408717,0.8597150854953639
10,2019,15452,6163,9289,3389,estimated,-0.0586855403212127,0.0735310957181406,-0.2028064879287685,0.0854354072863429,-0.2084302228455124,0.0801578233690494,2.122541859980457,2.001563891409404,Social behavior & violence,0.4248095193235617,0.7740973463229346
10,2020,17033,7159,9874,3652,estimated,-0.0702014566331893,0.0969353012828725,-0.2601946471476194,0.1197917338812407,-0.2727382949219923,0.1106241105945719,2.112805455453441,1.9695699264321904,Social behavior & violence,0.468937186919478,0.8151302729594669
11,2015,19738,8353,11385,2413,estimated,-0.1173831400699833,0.1218598229401694,-0.3562283930327155,0.1214621128927488,-0.3551055991798695,0.1263618384354735,1.205632508458032,1.0721019839911907,Mental health & cognition,0.3354152209955359,0.7237907400429985
11,2016,18899,8098,10801,2537,estimated,-0.0853657617108935,0.0958611069314946,-0.2732535312966231,0.102522007874836,-0.278179229099164,0.0911778452456554,1.322764317103268,1.2145309644528934,Mental health & cognition,0.3731893725347074,0.7313199946924638
11,2017,19334,7891,11443,2670,estimated,-0.142401973756769,0.0955712145786678,-0.3297215543309579,0.0449176068174199,-0.3136602860743278,0.052379281574418,1.401901414938916,1.2158306368481104,Mental health & cognition,0.1362218588055347,0.4380467616491706
11,2018,19818,8184,11634,2786,estimated,-0.0696654785079173,0.0741549825213536,-0.2150092442497704,0.0756782872339356,-0.2211235675740404,0.0686003712182579,1.3946145094484916,1.3007650108405169,Mental health & cognition,0.3474957367758657,0.7238516610665888
11,2019,22893,8489,14404,2970,estimated,0.0124646093978284,0.0740453482209546,-0.1326642731152426,0.1575934919108995,-0.1283434640969367,0.1649007778153974,1.3701284995122391,1.38731349571897,Mental health & cognition,0.866317767761996,0.9537169056447417
11,2020,23136,9578,13558,3101,estimated,-0.1011079729535324,0.1203793430621362,-0.3370514853553195,0.1348355394482545,-0.3535585044140455,0.141164395450098,1.7721913486751626,1.6017693435579512,Mental health & cognition,0.4009581100510302,0.7558290810157351
12,2015,20995,10746,10249,3275,estimated,0.5519209695683492,0.4854908933340213,-0.3996411813663325,1.503483120503031,-0.393952193694386,1.4768240338730951,1.706735085374142,2.963891818347502,Computing & networks,0.2556090517762435,0.6634361074639235
12,2016,22260,11186,11074,3423,estimated,-0.0969906140495976,0.2267321632426349,-0.5413856540051621,0.3474044259059669,-0.5665444746676853,0.3160904375916265,1.684007446292447,1.528345417162828,Computing & networks,0.6688140955560283,0.8787510726745839
12,2017,23884,12607,11277,3657,estimated,0.0127096408153822,0.173804554039082,-0.3279472851012184,0.353366566731983,-0.3083113453425355,0.3456222934356343,1.5306006767196072,1.55017820972144,Computing & networks,0.9417058108427774,0.9836926941287611
12,2018,26953,14796,12157,3783,estimated,0.0462457118255932,0.1227400202095098,-0.194324727785046,0.2868161514362325,-0.172421096203289,0.3172652235672665,1.3322936011222155,1.3953533503175026,Computing & networks,0.7063387579379524,0.9024482194541044
12,2019,27268,14086,13182,4209,estimated,0.0702033866717271,0.1352701019445976,-0.1949260131396842,0.3353327864831384,-0.1904612902953985,0.3544646150383803,1.438868345091236,1.5435119696979531,Computing & networks,0.6037700012831617,0.8597150854953639
12,2020,29584,15957,13627,4675,estimated,0.0326862370394422,0.0983967513851851,-0.1601713956755205,0.225543869754405,-0.1394569331000381,0.2585957344042908,1.7107683116889507,1.7676108132439112,Computing & networks,0.739747174015142,0.919079822261237
13,2015,7373,3118,4255,972,not_estimable,,,,,,,,,Marine ecology & paleoscience,,
13,2016,7533,3142,4391,978,not_estimable,,,,,,,,,Marine ecology & paleoscience,,
13,2017,7202,2967,4235,1061,not_estimable,,,,,,,,,Marine ecology & paleoscience,,
13,2018,8110,3808,4302,1081,not_estimable,,,,,,,,,Marine ecology & paleoscience,,
13,2019,6922,2605,4317,1145,not_estimable,,,,,,,,,Marine ecology & paleoscience,,
13,2020,7980,3530,4450,1172,not_estimable,,,,,,,,,Marine ecology & paleoscience,,
14,2015,17474,4539,12935,1680,not_estimable,,,,,,,,,Immune & inflammatory disease,,
14,2016,16641,4704,11937,1772,not_estimable,,,,,,,,,Immune & inflammatory disease,,
14,2017,18066,4510,13556,1841,not_estimable,,,,,,,,,Immune & inflammatory disease,,
14,2018,17284,4301,12983,1923,not_estimable,,,,,,,,,Immune & inflammatory disease,,
14,2019,20913,4991,15922,1950,not_estimable,,,,,,,,,Immune & inflammatory disease,,
14,2020,18288,6069,12219,2065,estimated,-0.3205787942142573,0.0937550051001607,-0.5043386042105723,-0.1368189842179422,-0.5139419621848146,-0.1478180806478459,2.423541382412012,1.7588339435724003,Immune & inflammatory disease,0.0006277679295133,0.0507280152963619
15,2015,21776,7950,13826,1959,estimated,0.0142635878361698,0.1272328497036375,-0.2351127975829596,0.2636399732552993,-0.2604734992337508,0.2683075775995336,1.0294285859393573,1.0442171492550387,Cardiovascular medicine,0.9107392230863588,0.9710238934747412
15,2016,21392,7934,13458,2012,estimated,0.0609487440799848,0.2628438433595024,-0.4542251889046398,0.5761226770646095,-0.4645097707426757,0.6102289024747776,0.8855004375494342,0.941149212878502,Cardiovascular medicine,0.8166297009282919,0.9505531091190016
15,2017,20960,7528,13432,2145,estimated,-0.4037138243111314,0.1595438338836059,-0.716419738722999,-0.0910079098992638,-0.690164954609512,-0.0760615744923149,1.574951778905571,1.051808255354768,Cardiovascular medicine,0.0113924196978849,0.1245571220302082
15,2018,24458,7769,16689,2281,estimated,0.0082896870911101,0.2926642244056822,-0.5653321927440269,0.5819115669262471,-0.6148691488462457,0.6180686877250627,0.8431056970392319,0.8501238283187389,Cardiovascular medicine,0.9774030152378428,0.9952631405127114
15,2019,23846,7802,16044,2296,estimated,0.1919023013349255,0.209815743505654,-0.2193365559361562,0.6031411586060074,-0.2186501170945106,0.5742283504722193,0.8991765359705186,1.089399260129316,Cardiovascular medicine,0.3603895885960779,0.7238516610665888
15,2020,24311,9681,14630,2513,estimated,-0.2844078147494527,0.1029779208789376,-0.4862445396721706,-0.0825710898267349,-0.5096294536042588,-0.1030423968997521,1.8135578694338053,1.3646292429282725,Cardiovascular medicine,0.0057477878903483,0.1047374682241246
16,2015,21165,8802,12363,2986,estimated,-0.2784849820829927,0.1060831417729548,-0.4864079399579841,-0.0705620242080013,-0.502992591832259,-0.0868179826689344,1.9785763655365465,1.4976430865235206,Public health & care delivery,0.0086608830026747,0.1245571220302082
16,2016,22060,8936,13124,3173,estimated,-0.1493896721779519,0.1341486010578408,-0.41232093025132,0.113541585895416,-0.3929588424915007,0.0996176763771276,1.868425703520319,1.6091507161860974,Public health & care delivery,0.2654450994207813,0.6634361074639235
16,2017,21920,8615,13305,3269,estimated,-0.0130040464014032,0.0841970916097893,-0.1780303459565902,0.1520222531537838,-0.1733039379852968,0.1719065688548864,1.719989026221631,1.6977670103316536,Public health & care delivery,0.8772567526339959,0.9537169056447417
16,2018,24475,9603,14872,3537,estimated,0.0086300414587193,0.1150902602019056,-0.2169468685370157,0.2342069514544544,-0.1974050247400437,0.2536468544777119,1.7434051651730391,1.7585159335221077,Public health & care delivery,0.9402266583257743,0.9836926941287611
16,2019,25825,9697,16128,3708,estimated,0.000569535702125,0.1474532776739915,-0.2884388885388984,0.2895779599431485,-0.3061939046128442,0.2754211821220208,1.6241504962431554,1.625075771399997,Public health & care delivery,0.99691819252298,0.99691819252298
16,2020,30762,12868,17894,4212,estimated,-0.0866363398632092,0.1459873699707447,-0.372771585005869,0.1994989052794504,-0.3827694697769626,0.196650944159774,2.311858775823404,2.119998807025426,Public health & care delivery,0.552879416031693,0.8597150854953639
17,2015,15538,5718,9820,1958,estimated,-0.2042556909699369,0.0996632951564223,-0.3995957494765247,-0.0089156324633491,-0.401507493174644,-0.0215266088108608,1.2150495521945042,0.9905738757639342,Surgical specialties,0.0404173964245771,0.2651381205452258
17,2016,16309,6577,9732,2023,estimated,-0.2717333842412609,0.0941626657806418,-0.4562922091713189,-0.0871745593112029,-0.4489188706750338,-0.0920991688780291,1.3673679110039072,1.042012849490409,Surgical specialties,0.0039043646292444,0.0914736855994409
17,2017,15617,5557,10060,2154,estimated,-0.1778211199033514,0.0927128430982973,-0.3595382923760142,0.0038960525693113,-0.3460337456033617,-0.0079207712331339,1.302633221059144,1.0904240426636571,Surgical specialties,0.0551139012765145,0.2832319780128169
17,2018,16831,5715,11116,2313,estimated,-0.2059650770311641,0.0938873824336684,-0.3899843466011542,-0.021945807461174,-0.3888259304681017,-0.0290414253786968,1.285106146387585,1.0458984137046166,Surgical specialties,0.0282536692169833,0.2106182614356938
17,2019,21272,6175,15097,2307,estimated,-0.0459848729845013,0.0923631645172137,-0.2270166754382402,0.1350469294692376,-0.2327528349970081,0.1276401572529452,1.138701016623425,1.0875237041280983,Surgical specialties,0.6185754883442253,0.8597150854953639
17,2020,20386,7830,12556,2450,estimated,-0.2254639539452823,0.0741815473413021,-0.3708597867342346,-0.08006812115633,-0.3531023458543587,-0.0798341138829268,1.3734884194312953,1.0962440544367194,Surgical specialties,0.0023708639153134,0.0777643364222804
18,2015,26953,12491,14462,4718,estimated,3.498804416918003,6.865878858546169,-9.958318145832486,16.955926979668494,-9.105037434831567,16.062715870842634,11.308349831640577,374.0336598340239,Mixed records,0.6103365665359071,0.8597150854953639
18,2016,27173,13136,14037,4755,estimated,0.6590997438524151,1.0357438964201438,-1.3709582931310664,2.6891577808358966,-1.4381197509517072,2.635180831288671,34.98852953396539,67.63462283347693,Mixed records,0.5245457332173058,0.8597150854953639
18,2017,25385,11914,13471,4749,estimated,0.2582084837879108,0.4444158574746006,-0.6128465968623065,1.129263564438128,-0.5717751833126934,1.103402184176598,11.156299559002711,14.443042417744747,Mixed records,0.5612361002222045,0.8597150854953639
18,2018,24490,11431,13059,4721,estimated,-0.3119057083814622,0.74421518629154,-1.770567473512881,1.1467560567499562,-1.70986692598935,1.1798170150439156,29.64467683742744,21.701402019145963,Mixed records,0.6751380192499852,0.8787510726745839
18,2019,24507,10888,13619,4892,estimated,1.3663895998261344,0.5327087508407604,0.322280448178244,2.410498751474025,0.2908985941345837,2.394671980289589,8.644667944173028,33.89719637162519,Mixed records,0.0103180463890181,0.1245571220302082
18,2020,23582,10616,12966,4887,estimated,0.03099070125538,0.2798274142883495,-0.517471030749785,0.5794524332605451,-0.484439377984768,0.5000333773474867,13.375257344165318,13.796255772802674,Mixed records,0.9118151194823788,0.9710238934747412
19,2015,13477,4058,9419,619,not_estimable,,,,,,,,,Synthetic chemistry,,
19,2016,13188,3631,9557,613,not_estimable,,,,,,,,,Synthetic chemistry,,
19,2017,11633,2644,8989,685,not_estimable,,,,,,,,,Synthetic chemistry,,
19,2018,11502,2757,8745,673,not_estimable,,,,,,,,,Synthetic chemistry,,
19,2019,10248,2293,7955,703,not_estimable,,,,,,,,,Synthetic chemistry,,
19,2020,10249,2616,7633,702,not_estimable,,,,,,,,,Synthetic chemistry,,
20,2015,15344,6699,8645,1723,estimated,-0.2850043889317901,0.125999459477933,-0.5319633295085389,-0.0380454483550414,-0.5374119014569595,-0.0315452923702344,1.3008617015021025,0.9782622488920416,Civil & structural engineering,0.0237005360328632,0.1943443954694787
20,2016,16873,7052,9821,1745,estimated,-0.092731749026047,0.0907673034042853,-0.2706356636984462,0.0851721656463521,-0.2689334648342122,0.0788432649744477,1.0430175834262654,0.950645820179242,Civil & structural engineering,0.3069500604263132,0.6978537830261355
20,2017,18268,8241,10027,1839,estimated,-0.2343018486002572,0.1283580499214778,-0.4858836264463538,0.0172799292458392,-0.5042717580643161,0.0083099236737104,1.039859828016062,0.8226570064288068,Civil & structural engineering,0.0679441382748106,0.3011578020829444
20,2018,19828,8081,11747,1915,estimated,-0.2600755591251776,0.1367732466624866,-0.5281511225836515,0.0080000043332961,-0.5599555638800021,0.0056113519421346,0.9985813318491104,0.7698995443422452,Civil & structural engineering,0.0572353751377568,0.2832319780128169
20,2019,19630,7886,11744,2021,estimated,-0.4463342511412413,0.2384700880929913,-0.9137356238035044,0.0210671215210216,-0.9184069670437592,-0.0340509790072033,1.2226000365756675,0.7824271322630753,Civil & structural engineering,0.0612540480224846,0.2852620794048153
20,2020,19546,7788,11758,2104,estimated,-0.3463476220854282,0.136622419042083,-0.6141275634079111,-0.0785676807629454,-0.5986076818540185,-0.109009608762664,1.3046972318484222,0.9227687528671424,Civil & structural engineering,0.0112424326671358,0.1245571220302082
21,2015,14069,4616,9453,1225,not_estimable,,,,,,,,,Metallurgy & alloys,,
21,2016,13580,4479,9101,1251,not_estimable,,,,,,,,,Metallurgy & alloys,,
21,2017,14112,5047,9065,1367,estimated,-0.4115235945737778,0.1661098550378626,-0.7370989104479886,-0.0859482786995671,-0.6969858592991912,-0.1092557644343947,1.1920007240042836,0.7898672239905055,Metallurgy & alloys,0.0132336702926252,0.1247999018048125
21,2018,15303,5716,9587,1387,estimated,-0.3753128946212528,0.1427508967619762,-0.6551046522747263,-0.0955211369677794,-0.6328060721684111,-0.1174893790626839,1.4073716226205082,0.966968820819243,Metallurgy & alloys,0.0085599698024212,0.1245571220302082
21,2019,15718,5823,9895,1467,estimated,-0.1083432653128231,0.1323320686916818,-0.3677141199485196,0.1510275893228733,-0.3608084281004499,0.1440848222199759,1.228528694984238,1.1023827848981052,Metallurgy & alloys,0.41294465638858,0.7609317263789565
21,2020,15262,5798,9464,1527,estimated,0.0776840076334779,0.1164436836443298,-0.1505456123094085,0.3059136275763643,-0.161336007220425,0.2789436719236235,1.3480960017297765,1.4569966609606158,Metallurgy & alloys,0.5046839816670141,0.8532801339524774
22,2015,13885,5826,8059,1099,estimated,0.1281225208100631,0.3513350795320975,-0.560494235072848,0.8167392766929743,-0.5853565412726486,0.8711795307429849,0.4617720389349882,0.5248927037528519,Mathematics & theoretical physics,0.7153552959087413,0.9024482194541044
22,2016,13094,5782,7312,1114,estimated,0.3459912784568808,0.4447081847391158,-0.5256367636317862,1.217619320545548,-0.5331608867935909,1.2245482754225203,0.4428116455042404,0.6258656795319091,Mathematics & theoretical physics,0.4365579961673962,0.7867638612247579
22,2017,14191,5995,8196,1129,estimated,0.0683026887274473,0.239690262906243,-0.401490226568789,0.5380956040236837,-0.386174543626592,0.5592803809991248,0.5990285846265263,0.6413735229283428,Mathematics & theoretical physics,0.7756730247781918,0.9505531091190016
22,2018,14094,6307,7787,1187,estimated,0.1754746932794765,0.3255696059089953,-0.4626417343021544,0.8135911208611074,-0.4274913201534681,0.7911806844331547,0.5793316523888661,0.6904543153162801,Mathematics & theoretical physics,0.5899023776903045,0.8597150854953639
22,2019,15256,6523,8733,1182,estimated,-0.0043809032713708,0.1435053699067493,-0.2856514282885996,0.2768896217458578,-0.2725744832341321,0.2863875485590262,0.5769192453211767,0.5743973460438516,Mathematics & theoretical physics,0.975646122293658,0.9952631405127114
22,2020,14626,6240,8386,1235,estimated,-0.0671476103780608,0.1340792180696282,-0.3299428777945321,0.1956476570384104,-0.323269114389106,0.1938392440435447,0.5959122759197768,0.5572120445065065,Mathematics & theoretical physics,0.6165080116733999,0.8597150854953639
23,2015,17782,6234,11548,1821,estimated,0.0558616966055468,0.1255762104207298,-0.1902676758190836,0.3019910690301773,-0.204495869751241,0.3024648394966417,1.2235471789304928,1.2938417073045871,Ecology & taxonomy,0.6564332261516146,0.8787510726745839
23,2016,17165,6336,10829,1878,estimated,0.1880333465544539,0.1615005868959347,-0.1285078037615781,0.5045744968704862,-0.1467561477793399,0.5334836798120316,1.2063425173508766,1.4559031294737697,Ecology & taxonomy,0.2443069385846051,0.6634361074639235
23,2017,16900,6465,10435,1956,estimated,-0.0184004486404901,0.0805284164920269,-0.176236144964863,0.1394352476838826,-0.1872403820518057,0.1290436271856338,1.3485949599662292,1.3240071150919197,Ecology & taxonomy,0.8192603991408698,0.9505531091190016
23,2018,17771,6768,11003,2040,estimated,-0.1980501908769451,0.2415849289298662,-0.6715566515794829,0.2754562698255927,-0.6701963028006327,0.3223827203423326,1.768629494946654,1.4508574973870312,Ecology & taxonomy,0.4123328070991083,0.7609317263789565
23,2019,19207,6702,12505,2074,estimated,0.177396662677916,0.1164928715175509,-0.0509293654964838,0.4057226908523159,-0.0562395441504672,0.4058306477736657,1.1908409035880354,1.4219886674691324,Ecology & taxonomy,0.1278059187080486,0.4309255069857282
23,2020,18464,7264,11200,2208,estimated,-0.0335668911340542,0.1395158971113656,-0.3070180494723308,0.2398842672042224,-0.2846941086215745,0.2310688862383637,1.4178908639529595,1.3710866069703398,Ecology & taxonomy,0.8098686709514558,0.9505531091190016
24,2015,21998,10465,11533,2285,estimated,-0.4610890183761768,0.1943238782266307,-0.841963819700373,-0.0802142170519805,-0.8379456623034571,-0.1097819887053463,1.4586325294789753,0.9198086265409692,"Astronomy, optics & imaging",0.0176544793156095,0.152386031987367
24,2016,20674,10329,10345,2407,estimated,-0.070728421248023,0.1309644627948935,-0.3274187683260143,0.1859619258299682,-0.3386011116908718,0.187161333943498,1.3704171808604673,1.2768380953025038,"Astronomy, optics & imaging",0.5891569530787822,0.8597150854953639
24,2017,21117,10621,10496,2483,estimated,-0.139300424801139,0.1499890897453194,-0.433279040701965,0.154678191099687,-0.4248594875362904,0.159293331267884,1.3163549859779518,1.145184910565216,"Astronomy, optics & imaging",0.3530253746571378,0.7238516610665888
24,2018,21166,10313,10853,2621,estimated,-0.0780353336891881,0.1828270405626807,-0.4363763331920424,0.2803056658136661,-0.4130045812201717,0.2677227211699904,1.1921904696414216,1.1026948111184764,"Astronomy, optics & imaging",0.6695060704400999,0.8787510726745839
24,2019,21550,10285,11265,2810,estimated,-0.0312055950905123,0.1396267803893222,-0.3048740846535839,0.2424628944725592,-0.2992083945254579,0.2480059443250921,1.2739819747498284,1.2348405018146424,"Astronomy, optics & imaging",0.8231519026701635,0.9505531091190016
24,2020,22487,10132,12355,2966,estimated,-0.0596118760543284,0.1286669364678985,-0.3117990715314095,0.1925753194227525,-0.3169952210460374,0.2017661537534574,1.2573285774371563,1.1845671309508563,"Astronomy, optics & imaging",0.643146647697562,0.8787510726745839
25,2015,12395,4737,7658,1639,not_estimable,,,,,,,,,Orthopaedics & sports medicine,,
25,2016,12690,4648,8042,1688,not_estimable,,,,,,,,,Orthopaedics & sports medicine,,
25,2017,13448,4602,8846,1815,not_estimable,,,,,,,,,Orthopaedics & sports medicine,,
25,2018,14611,5317,9294,1876,estimated,-0.2422823921621285,0.0937883310583785,-0.4261075210365503,-0.0584572632877067,-0.4211454238668228,-0.0572441391617651,1.2967730598417484,1.0177522556672474,Orthopaedics & sports medicine,0.0097863222615521,0.1245571220302082
25,2019,16881,5080,11801,1927,estimated,-0.3400550284134059,0.0853678333949766,-0.50737598186756,-0.1727340749592517,-0.5089594282100247,-0.1724278896882174,1.3978192584404687,0.9948715170365132,Orthopaedics & sports medicine,6.793358258692864e-05,0.0111411075442562
25,2020,15795,6147,9648,2038,estimated,-0.1067466050248769,0.1167999387241926,-0.3356744849242946,0.1221812748745406,-0.3312382874722124,0.1050633560737937,1.2952850404972025,1.1641418130417374,Orthopaedics & sports medicine,0.3607552618168317,0.7238516610665888
26,2015,14653,6238,8415,1886,estimated,0.1701717886132541,0.1592453394797434,-0.141949076767043,0.4822926539935512,-0.1405233059561567,0.4702687220973295,0.8281972015639739,0.9818348144181476,"Climate, land & agriculture",0.2852436674609004,0.6779704559940243
26,2016,16302,6640,9662,1944,estimated,-0.223681626600669,0.1283216076713551,-0.4751919776365251,0.027828724435187,-0.459320179552045,0.0451136866172533,1.0890373437837622,0.8707612138612355,"Climate, land & agriculture",0.0813103886401823,0.3340754404850337
26,2017,17817,7938,9879,2097,estimated,-0.1673666619012404,0.1369797653786329,-0.4358470020433609,0.1011136782408801,-0.4184191572730018,0.0950906942890455,1.1058523636570123,0.9354287913361152,"Climate, land & agriculture",0.2217700568281135,0.6322684124432032
26,2018,19046,8638,10408,2203,estimated,-0.2364739100445416,0.1393192515249706,-0.5095396430334841,0.0365918229444007,-0.5228916505626361,0.0198448457975267,1.0146470573928283,0.8009689595970119,"Climate, land & agriculture",0.0896299962276919,0.3340754404850337
26,2019,18376,7608,10768,2374,estimated,-0.21137920283645,0.1108883018874085,-0.4287202745357707,0.0059618688628705,-0.4274543043231902,-0.0015642705903667,1.1328785766334897,0.9170278867671552,"Climate, land & agriculture",0.0566196755860796,0.2832319780128169
26,2020,20966,9184,11782,2512,estimated,-0.0959763112709342,0.1334973408880226,-0.3576310994114585,0.16567847686959,-0.353190156475158,0.1647500789680029,1.0072727232395475,0.9150927005569626,"Climate, land & agriculture",0.4721791215313985,0.8151302729594669
27,2015,22687,7387,15300,1931,estimated,-0.1638702367153879,0.2151779204241451,-0.5856189607467124,0.2578784873159366,-0.5780004562089844,0.2291138415346455,1.2526431297915743,1.0633088321683892,Oncology,0.4463244881584709,0.789917540728656
27,2016,23674,6963,16711,1970,estimated,-0.1087906103553898,0.1969087665707262,-0.4947317928340132,0.2771505721232335,-0.4926104177682459,0.2268586223119017,1.3193587601653252,1.1833568885715984,Oncology,0.5806109936197443,0.8597150854953639
27,2017,22373,6765,15608,2122,estimated,0.0276312012710866,0.153937211770528,-0.2740857337991482,0.3293481363413215,-0.2722236413141621,0.3140417424758266,1.1815808115276287,1.214684550635575,Oncology,0.8575478115474615,0.9537169056447417
27,2018,23881,7186,16695,2236,estimated,-0.1367984178767147,0.1590193819625105,-0.4484764065232353,0.1748795707698058,-0.4339580390834955,0.153863773191763,1.166513641399206,1.017370226658303,Oncology,0.3896443356864338,0.7430426866578507
27,2019,28584,7842,20742,2322,estimated,-0.048221193456888,0.1296168841417038,-0.3022702863746275,0.2058278994608514,-0.3087053700402791,0.1855333232420534,1.1041717628113386,1.0521906504432137,Oncology,0.7098715238363151,0.9024482194541044
27,2020,26297,9440,16857,2401,estimated,-0.0177253419790571,0.1074960269145368,-0.2284175547315493,0.1929668707734349,-0.2645500884714722,0.1680947228810305,1.198344315678169,1.1772903980563976,Oncology,0.8690282050061704,0.9537169056447417
28,2015,18572,8571,10001,3223,estimated,-0.3157777687925588,0.1513950043364641,-0.6125119772920284,-0.0190435602930891,-0.6209166215559584,-0.0307195398563353,2.442282455722117,1.7809648463162688,Education & language,0.0369978994381456,0.2528189794939949
28,2016,18690,8365,10325,3432,estimated,-0.1178480828765999,0.1292616850690095,-0.3712009856118586,0.1355048198586586,-0.3962176609464892,0.124860476924965,2.243688503641765,1.9942600557227996,Education & language,0.3619258305332944,0.7238516610665888
28,2017,21296,10160,11136,3596,estimated,-0.3264428395134127,0.1726943344240539,-0.6649237349845584,0.0120380559577329,-0.6741117193539888,0.0210381853959892,2.461405342661731,1.77586854578699,Education & language,0.0587188247099742,0.2832319780128169
28,2018,21358,9895,11463,3721,estimated,-0.2634506013268222,0.1058388885002253,-0.4708948227872638,-0.0560063798663805,-0.4484632278242765,-0.0627799006763688,2.415910587570207,1.856375015288927,Education & language,0.0128043033889306,0.1247999018048125
28,2019,22633,10135,12498,3992,estimated,-0.3381979661651845,0.1021281360643528,-0.5383691128513162,-0.1380268194790529,-0.5402970370842315,-0.1409383156969542,2.357316762807673,1.6808944141570084,Education & language,0.0009279514993236,0.0507280152963619
28,2020,27770,12815,14955,4399,estimated,-0.1211468531852616,0.0780463333337202,-0.2741176665193534,0.0318239601488301,-0.2752057918147756,0.0268793902220143,1.814043935845192,1.607068510892847,Education & language,0.1206041564458973,0.4309255069857282
29,2015,15770,7279,8491,1059,estimated,-0.1744647808082589,0.0881863511637144,-0.3473100290891392,-0.0016195325273785,-0.3648409693503656,-0.0020405680631753,1.2514350860914485,1.0510883812099086,Electronic & magnetic materials,0.0478875577152653,0.2804842666179827
29,2016,14073,6915,7158,1065,estimated,-0.2524643817802832,0.183561139559937,-0.6122442153177597,0.1073154517571933,-0.6285688981304189,0.1142168278519081,1.3077870057902763,1.015998647937304,Electronic & magnetic materials,0.1690169382306513,0.522995808864657
29,2017,13984,6770,7214,1095,estimated,0.1245217956850157,0.1287122054821344,-0.1277541270599677,0.3767977184299992,-0.1167131176487864,0.3443648286115172,1.1136103253129106,1.2612825224652773,Electronic & magnetic materials,0.3333223376308134,0.7237907400429985
29,2018,15525,6967,8558,1137,estimated,0.2901639233647872,0.4546329374701482,-0.6009166340767034,1.181244480806278,-0.6329037939732027,1.154152511079748,0.9340476993511831,1.2484916607206955,Electronic & magnetic materials,0.5233188980277989,0.8597150854953639
29,2019,15995,7115,8880,1165,estimated,0.0051832512782798,0.286898599033048,-0.5571380028264942,0.567504505383054,-0.5435817018042363,0.5860673655204389,1.2606901810317337,1.2672416192316702,Electronic & magnetic materials,0.9855858090024502,0.9952631405127114
29,2020,16071,6646,9425,1222,estimated,0.0547053153404202,0.1284505232716263,-0.1970577102719673,0.3064683409528078,-0.1918867988098862,0.3013788043471108,1.2010046114067845,1.2685362770981934,Electronic & magnetic materials,0.6701907138009044,0.8787510726745839
30,2015,25953,6380,19573,1953,estimated,-0.0083171944305975,0.1115966809688418,-0.2270466891295275,0.2104123002683324,-0.223170062757985,0.2262474120228905,2.463788186318319,2.4433813623362166,Drug discovery & pharmaceutics,0.9405894282014052,0.9836926941287611
30,2016,25820,6247,19573,1975,estimated,0.0595683017812799,0.1077430496592997,-0.1516080755509475,0.2707446791135074,-0.138738521843618,0.2725484624100253,2.2261355750637035,2.362771886554014,Drug discovery & pharmaceutics,0.5803498768352247,0.8597150854953639
30,2017,27606,5841,21765,1984,estimated,-0.2679886412770914,0.1560579203612007,-0.5738621651850448,0.0378848826308619,-0.5464630316586192,0.0297281362184417,2.937198861441916,2.2467117833950616,Drug discovery & pharmaceutics,0.0859356362695045,0.3340754404850337
30,2018,28941,6201,22740,2216,estimated,-0.1568632078342446,0.1439572314862555,-0.4390193815473055,0.1252929658788161,-0.4411449636359137,0.163291807760396,2.3995050318401634,2.051147251552312,Drug discovery & pharmaceutics,0.2758667045077004,0.6752558140188488
30,2019,29169,5919,23250,2199,estimated,-0.1848466246436659,0.0881613458112803,-0.3576428624337755,-0.0120503868535564,-0.3608466635484136,-0.0150151135524789,2.768768155935864,2.3014880398711424,Drug discovery & pharmaceutics,0.0360214156602296,0.2528189794939949
30,2020,29803,7447,22356,2363,estimated,0.0714955043652281,0.1636807619593957,-0.2493187890751874,0.3923097978056437,-0.2561280563194449,0.3651062432194224,2.004386189278284,2.1529379080745668,Drug discovery & pharmaceutics,0.6622575176809004,0.8787510726745839
31,2015,28244,10609,17635,2738,estimated,-0.0238612932413646,0.155593940530793,-0.328825416681719,0.2811028301989897,-0.3391169201591569,0.2766306437454342,1.3208731850596358,1.28972849662909,Chronic & infectious disease,0.8781173948314389,0.9537169056447417
31,2016,27390,10875,16515,2884,estimated,0.0899892641472208,0.077225004067053,-0.0613717438242031,0.2413502721186448,-0.0475995715434244,0.2406180116653861,1.2929664902963416,1.41471549511603,Chronic & infectious disease,0.2439029923339348,0.6634361074639235
31,2017,26646,10179,16467,2967,estimated,-0.1410884970668149,0.1119744134201532,-0.3605583473703152,0.0783813532366853,-0.3670867617551639,0.0885460698017979,1.492667996533812,1.296251481372735,Chronic & infectious disease,0.2076669906111453,0.617964367048588
31,2018,28137,10281,17856,3106,estimated,-0.0303224407127449,0.1093947155424889,-0.2447360831760231,0.1840912017505333,-0.2335138564886789,0.1946856587255881,1.481857151961579,1.437598039601359,Chronic & infectious disease,0.7816389939302776,0.9505531091190016
31,2019,31996,10749,21247,3212,estimated,-0.1015398382284219,0.1931183080051917,-0.4800517219185978,0.2769720454617539,-0.4670306467842258,0.3076831384743173,1.5406482524722651,1.3918912485091377,Chronic & infectious disease,0.5990335365770078,0.8597150854953639
31,2020,36937,15645,21292,3721,estimated,-0.2042139424281637,0.1344360813771261,-0.4677086619273308,0.0592807770710034,-0.4753958057771854,0.0267214588295728,2.125436289357013,1.7328425481241088,Chronic & infectious disease,0.1287521331847602,0.4309255069857282
