figure/panel,source_file,originating_artifact,rows,git_commit,sha256
Figure 4/a; Results: research areas,SourceData_Figure4_Areas.csv,results/qss_v3/subgroup_estimates.csv;results/qss_v3/hierarchy_areas.csv,31,f5ef284bd486483326cd436e9d738064353200ba,8d565a17147f43dc045f213ea83cd874dd41157414c80f1fe87d91d44363f06f
Journal-scope measurement source data,SourceData_Figure1.csv,qss_v2/journal_year_scope.parquet;artifacts/qss_v2/run_exposure.json;results/qss_v3/network_nodes.csv,269,ed9b653b724a63fb3a02d41fb77bc1b1fd71386e,7f7b16082c1b85aacfdb8b2a15a2d2133d778c4dc3aa36666d4fb6e0a1722a89
Figure 2 (labels),SourceData_Hierarchy_Areas.csv,results/qss_v3/hierarchy_areas.csv,32,ed9b653b724a63fb3a02d41fb77bc1b1fd71386e,2df636ec731c558e9b2d7c1a33da9511cf825d47e4c6770ac8967d288447e069
Figure 2/e; Results: citation origins,SourceData_Figure2.csv,results/qss_v3/dirty_estimates.csv,6,ed9b653b724a63fb3a02d41fb77bc1b1fd71386e,0c61dfecabddc18f0f414eba557927c6bad50ad782ba5c9df2c94eaf08dbacda
Figure 4/c; Results: publication years,SourceData_Figure2_Years.csv,results/qss_v3/figure2_years.csv,6,ed9b653b724a63fb3a02d41fb77bc1b1fd71386e,0172ba0b93108c831a94e55b6ce85c78761d0b2e66c06fe156dbf5eafe3ff0d1
Network source data (same edges as SourceData_ED3_network_edges.csv),SourceData_Figure3_edges.csv,results/qss_v3/network_edges.csv,1024,ed9b653b724a63fb3a02d41fb77bc1b1fd71386e,a1aed585ed75020aa9bf41a0284bc58cef572f62cc03f04c49cc38b5564ecfde
Network source data: cluster summaries,SourceData_Figure3_nodes.csv,results/qss_v3/network_nodes.csv,32,ed9b653b724a63fb3a02d41fb77bc1b1fd71386e,04530ba2014384f7bdafb1b6eff3076d476935589704320f2e254f47aeab33fe
Supplementary source data: area order,SourceData_Radial_AreaOrder.csv,results/qss_v3/radial_area_order.csv,32,ed9b653b724a63fb3a02d41fb77bc1b1fd71386e,effb433e0b0df0059c09499ed2b362fc59da4145a7b6cb6f4e28741abe0b4b54
Supplementary source data: citation backbone,SourceData_Radial_CitationBackbone.csv,results/qss_v3/radial_citation_backbone.csv,43,ed9b653b724a63fb3a02d41fb77bc1b1fd71386e,98d2f69e8e4c81fcf796bea1a8e55e9f6b35a425ddc635ce8bc0baf3b33c2d84
Supplementary source data: leaf scope,SourceData_Radial_LeafScope.csv,results/qss_v3/radial_leaf_scope.csv,1000,ed9b653b724a63fb3a02d41fb77bc1b1fd71386e,0eebc33bcf95b0a98bf70a0f06f7af7fc3d44dbcafec1636eb4b7fba14122274
Figure 3/c,SourceData_Figure3_metrics.csv,results/qss_v3/network_metrics.csv,3,ed9b653b724a63fb3a02d41fb77bc1b1fd71386e,b66b384420bf506f8b9010e26bdd31878fc1e89d75b3cbe8f33c3b51388db596
Supplementary Figure S1,SourceData_ED1_cohort_coverage.csv,artifacts/qss_v2/run_dirty_analyze.json;artifacts/qss_v3/run_prepare.json;artifacts/qss_v3/run_analyze.json;artifacts/qss_v3/run_network.json,15,ed9b653b724a63fb3a02d41fb77bc1b1fd71386e,c3d03117de049c29ae5fc85ca0cc6a6096958af472c1826e7af800f8ef24cf3f
Supplementary Figure S2/a,SourceData_ED2_propensity_bins.csv,qss_v3/routing_scores.parquet,80,ed9b653b724a63fb3a02d41fb77bc1b1fd71386e,3353c527683ce9c8f3fe7df2515114c511ed1ed8c093b5536e47e5c109e86eae
Supplementary Table S2,SourceData_ED2_propensity_candidates.csv,results/qss_v3/propensity_candidates.csv;results/qss_v3/downstream_propensity.csv,4,ed9b653b724a63fb3a02d41fb77bc1b1fd71386e,04ec8a646ba0c2047b7656ccaf2f5e392b0bf1d89ae986744e6bfbf15c61f89c
Supplementary Figure S2/b; Supplementary Table S1,SourceData_ED2_balance.csv,results/qss_v3/balance.csv;results/qss_v3/downstream_balance.csv,57552,ed9b653b724a63fb3a02d41fb77bc1b1fd71386e,eef547a7b5ccfb98758413edb91fc3246accf1418ec4bdc6fbce0f9ef31df989
"Figure 2 (flows, strip, example); Figure 3/b",SourceData_ED3_network_edges.csv,results/qss_v3/network_edges.csv,1024,ed9b653b724a63fb3a02d41fb77bc1b1fd71386e,a1aed585ed75020aa9bf41a0284bc58cef572f62cc03f04c49cc38b5564ecfde
Figure 3/c,SourceData_ED3_lodo.csv,results/qss_v3/network_leave_one_domain_out.csv,96,ed9b653b724a63fb3a02d41fb77bc1b1fd71386e,9f58b28abcf7cd078d02091ecda1520dd717bf66b8eb23a296f805cb7a0b7a37
Supplementary Results: sensitivity estimates,SourceData_ED3_sensitivities.csv,results/qss_v3/dirty_estimates.csv;results/qss_v3/round2_score_diagnostics.csv,16,ed9b653b724a63fb3a02d41fb77bc1b1fd71386e,0cdec00e0f23a088708843bcb8fbe182965940b64d5c66c5d900401369c8f23f
Results: identification diagnostics; Supplementary Table S3,SourceData_Figure4_estimates.csv,results/qss_v3/dirty_estimates.csv,3,ed9b653b724a63fb3a02d41fb77bc1b1fd71386e,bf6b76aa67f2b5823455168e4751a42ce0514337d9d2ddf818e47c0b44e78a32
Results: identification diagnostics; Supplementary Table S3,SourceData_Figure4_same_author.csv,results/qss_v3/same_author_sensitivity.csv,2,ed9b653b724a63fb3a02d41fb77bc1b1fd71386e,9e2792333261d9fe437c7fc5bfa20c631cc8912b69b22dd7aacf5972d6d37e36
Supplementary source data (first four corridors; superseded by SourceData_Figure2_Corridors.csv),SourceData_ED4_corridors.csv,results/qss_v3/case_selection.csv;results/qss_v3/journal_corridors.csv,4,ed9b653b724a63fb3a02d41fb77bc1b1fd71386e,d4429936909201aaa0be217b4c540d5220b30684ee548f4666ec72fdd4d29813
Figure 3/b: area order,SourceData_ED4_nodes.csv,results/qss_v3/network_nodes.csv,32,ed9b653b724a63fb3a02d41fb77bc1b1fd71386e,9969e0fb09ae95281312668ce5fc8ee496752b9d9aeef30cb29c6c694fed1115
Supplementary Results,SourceData_MixedRecordsDiagnostics.csv,qss_v3/routing_scores.parquet;results/qss_v3/network_edges.csv;results/qss_v3/network_leave_one_domain_out.csv,17,31386f096b58ca897630165752a00104428b5549,7e9caa4e3ed2dd318e532d1654bfe77c34728d573dff777ac45358b0a63ea7bf
Figure 4/b; Supplementary Figure S4/a-b,SourceData_Figure3_AreaYear.csv,results/qss_v3/area_year_estimates.csv;artifacts/qss_v3/run_area_year.json,192,397532a4d9914bd2393295941fc971cb08b4dd07,fcf5d3d68bfd091ce31a79ea40a984a52e7dd3c01bf66c44ba3544ec554db79c
Figure 2 (cloud counts),SourceData_Figure2_CloudLeaves.csv,results/qss_v3/cloud_leaf_counts.csv;artifacts/qss_v3/run_cloud.json,1000,e6de4f932785a506e156486234e3cba5a3ab546e,043878797a41943c9d009fd8f0d1d7bdd3eb21533984a97e8b8ff5f13db8203e
Figure 2 (cloud area medians),SourceData_Figure2_CloudAreas.csv,results/qss_v3/cloud_umap_area_medians.csv;results/qss_v3/cloud_umap_points.npz;artifacts/qss_v3/run_cloud_umap.json,32,d568f173686801d61d65884df404ed2ca31bf6b6,7cf752a87ba3e5f8ae308e50a553df333f82d97ec77949c733e0327be04b14d1
Figure 2/f; Supplementary Figure S3,SourceData_Figure2_Corridors.csv,results/qss_v3/journal_corridors.csv;artifacts/qss_v3/run_cases.json,8,4216d13e7a6730334edbed12844a1dd6f567b9ff,dfc9e385a61263abe9e1092ca836a0166de568377411f26a1117dd55d8501331
Figure 3/a,SourceData_Figure4_DistanceEnrichment.csv,results/qss_v3/distance_enrichment.csv;artifacts/qss_v3/run_distance_enrichment.json,17,a00ab8c529e54cc96a458106bf7415898d90cdf4,c452f6ae13c47fde4443d2cea07921f3a362f9d10fcb652a70d91c900ee9511b
Supplementary Results: outcome-model and date diagnostics,round2_score_diagnostics.csv,results/qss_v3/round2_score_diagnostics.csv,4,5a0f32bf089f65d15714276a2ecca944f2a8770d,32f741bcb2019f85b66afb088c73a4e14b6b014e87f8f0f1f72708db0efd48fe
Follow-up decomposition and supporting analyses,SourceData_Decomposition.csv,internal/reach_followup_v4/decomposition/estimates.csv;internal/reach_followup_v4/decomposition/fivefold_outcome_only.csv;internal/reach_followup_v5/area_estimates.csv;internal/reach_followup_v4/modifiers/tests.csv;internal/reach_followup_v2/within_set_summary.csv;internal/reach_followup_v2/time_window_review.csv;internal/reach_followup_v5/support.csv;internal/reach_followup_v5/scope_components.csv;internal/reach_followup_v5/scope_contrast.csv;internal/reach_followup_v4/twohop_trial/estimates.csv,123,7e19a1fd516a326dcfe213859af5f1c6cf0aa6ff,1bbd2c95fb0f3e8c744876c21d0b5de7e8ab9d30c53d775cc067712044975f71
