analysis,outcome,scale,mean_broad,mean_specialized,estimate,se,ci_low,ci_high,bootstrap_ci_low,bootstrap_ci_high,n,journals,support,origin,window_definition
ipw,far_all32,absolute,3.1242955760857156,2.336729719903558,-0.7875658563341709,0.27079042764998035,-1.3183150945281323,-0.2568166181402094,-1.3861120857598597,-0.2616539214481505,3827491,20215,0.5024495704850124,internal/reach_followup_v4/decomposition/estimates.csv,
ipw,far_all32,log_mean_ratio,3.1242955760857156,2.336729719903558,-0.29045644590237724,0.09575356464512823,-0.47813343260682856,-0.10277945919792592,-0.49757497229739256,-0.10134141187275944,3827491,20215,0.5024495704850124,internal/reach_followup_v4/decomposition/estimates.csv,
ipw,any_far_all32,absolute,0.4783511089432374,0.43214277261819833,-0.04620833633185116,0.025788422808636288,-0.09675364503677827,0.0043369723730759605,-0.10106919596699099,-0.0021735940461991544,3827491,20215,0.5024495704850124,internal/reach_followup_v4/decomposition/estimates.csv,
ipw,any_far_all32,log_mean_ratio,0.4783511089432374,0.43214277261819833,-0.10158897459202755,0.05810622942566973,-0.21547718426634022,0.012299235082285115,-0.22274150427068096,-0.002560059773597302,3827491,20215,0.5024495704850124,internal/reach_followup_v4/decomposition/estimates.csv,
ipw,n_macros_cited_named31,absolute,1.6028533478203755,1.4032355326075607,-0.199617815257856,0.09099655906390781,-0.37797107102311533,-0.021264559492596674,-0.4029747547953898,-0.048073539330706586,3827491,20215,0.5024495704850124,internal/reach_followup_v4/decomposition/estimates.csv,
ipw,n_macros_cited_named31,log_mean_ratio,1.6028533478203755,1.4032355326075607,-0.13300471852447535,0.06206694136214495,-0.25465592359427947,-0.01135351345467124,-0.2669655193466984,-0.028879660417636538,3827491,20215,0.5024495704850124,internal/reach_followup_v4/decomposition/estimates.csv,
ipw,n_macros_cited_all32,absolute,1.6186524748368158,1.4157109772877876,-0.20294149752558335,0.09182532482391659,-0.38291913418045986,-0.022963860870706843,-0.40766232227715576,-0.04916801467816158,3827491,20215,0.5024495704850124,internal/reach_followup_v4/decomposition/estimates.csv,
ipw,n_macros_cited_all32,log_mean_ratio,1.6186524748368158,1.4157109772877876,-0.1339621350778193,0.06204352900757598,-0.2555674519326682,-0.01235681822297037,-0.2678053303778588,-0.029764785643713054,3827491,20215,0.5024495704850124,internal/reach_followup_v4/decomposition/estimates.csv,
ipw,far_given_any_far,absolute,6.531385665927133,5.407309500432006,-1.1240761654951272,0.4293430167679676,-1.9655884783603437,-0.2825638526299108,-1.9955296873830588,-0.22399467799308298,3827491,20215,0.5024495704850124,internal/reach_followup_v4/decomposition/estimates.csv,
ipw,far_given_any_far,log_mean_ratio,6.531385665927133,5.407309500432006,-0.18886747131034964,0.06752626147189668,-0.32121894379526716,-0.05651599882543215,-0.3255567945238873,-0.044381373604254225,3827491,20215,0.5024495704850124,internal/reach_followup_v4/decomposition/estimates.csv,
ipw,intensity_vs_probability,log_ratio_contrast,,,-0.08727849671832208,0.08187499392751302,-0.2477534848162476,0.07319649137960343,-0.24478120777000228,0.09019368193659524,3827491,20215,0.5024495704850124,internal/reach_followup_v4/decomposition/estimates.csv,
aipw,far_all32,absolute,2.876300766022177,2.511252085894811,-0.36504868012741815,0.15935737815768095,-0.6773891413164728,-0.05270821893836347,-0.6857881459032307,-0.03463604577070789,3827491,20215,0.5024495704850124,internal/reach_followup_v4/decomposition/estimates.csv,
aipw,far_all32,log_mean_ratio,2.876300766022177,2.511252085894811,-0.1357235445178029,0.05548853852417016,-0.24448108002517643,-0.026966009010429393,-0.24858201948692119,-0.02088667782814284,3827491,20215,0.5024495704850124,internal/reach_followup_v4/decomposition/estimates.csv,
aipw,any_far_all32,absolute,0.457967230464232,0.4534833291600681,-0.0044839013041917735,0.004267410853072709,-0.012848026576214283,0.003880223967830735,-0.013618591973345093,0.003251579875761256,3827491,20215,0.5024495704850124,internal/reach_followup_v4/decomposition/estimates.csv,
aipw,any_far_all32,log_mean_ratio,0.457967230464232,0.4534833291600681,-0.009839123866997312,0.009432419068182053,-0.028326665240634135,0.00864841750663951,-0.03034298192559996,0.007441221368268727,3827491,20215,0.5024495704850124,internal/reach_followup_v4/decomposition/estimates.csv,
aipw,n_macros_cited_named31,absolute,1.5201126725907763,1.4777152522631443,-0.042397420327885314,0.018668108829792387,-0.0789869136342784,-0.005807927021492236,-0.0788527191904705,-0.008569977276935271,3827491,20215,0.5024495704850124,internal/reach_followup_v4/decomposition/estimates.csv,
aipw,n_macros_cited_named31,log_mean_ratio,1.5201126725907763,1.4777152522631443,-0.02828731231781334,0.012481455305411527,-0.052750964716419935,-0.003823659919206749,-0.053195314163795575,-0.005890639789239477,3827491,20215,0.5024495704850124,internal/reach_followup_v4/decomposition/estimates.csv,
aipw,n_macros_cited_all32,absolute,1.5344995392309186,1.492103155066342,-0.04239638416461398,0.019326121776237645,-0.08027558284603976,-0.004517185483188191,-0.0794831751856085,-0.006603246495066532,3827491,20215,0.5024495704850124,internal/reach_followup_v4/decomposition/estimates.csv,
aipw,n_macros_cited_all32,log_mean_ratio,1.5344995392309186,1.492103155066342,-0.028017656628523124,0.012786879389252477,-0.05307994023145798,-0.002955373025588272,-0.05280158596195465,-0.0048368231669229655,3827491,20215,0.5024495704850124,internal/reach_followup_v4/decomposition/estimates.csv,
aipw,far_given_any_far,absolute,6.280582047554873,5.537694385692442,-0.7428876618624318,0.34025624140275373,-1.409789895011829,-0.07598542871303449,-1.4164372642756389,-0.04889680048994342,3827491,20215,0.5024495704850124,internal/reach_followup_v4/decomposition/estimates.csv,
aipw,far_given_any_far,log_mean_ratio,6.280582047554873,5.537694385692442,-0.12588442065080538,0.0541995371364967,-0.23211551343833892,-0.01965332786327184,-0.23289822677178285,-0.01557752028330377,3827491,20215,0.5024495704850124,internal/reach_followup_v4/decomposition/estimates.csv,
aipw,intensity_vs_probability,log_ratio_contrast,,,-0.11604529678380808,0.054535702095308586,-0.2229352728906129,-0.009155320677003254,-0.22522369958811228,-0.007828622890737533,3827491,20215,0.5024495704850124,internal/reach_followup_v4/decomposition/estimates.csv,
aipw,decomp_total,log_mean_ratio,2.876300766022177,2.511252085894811,-0.1357235445178029,0.05548853852417016,-0.24448108002517643,-0.026966009010429393,-0.24858201948692119,-0.02088667782814284,3827491,20215,0.5024495704850124,internal/reach_followup_v4/decomposition/estimates.csv,
aipw,decomp_entry,log_mean_ratio,0.457967230464232,0.4534833291600681,-0.009839123866997312,0.009432419068182053,-0.028326665240634135,0.00864841750663951,-0.03034298192559996,0.007441221368268727,3827491,20215,0.5024495704850124,internal/reach_followup_v4/decomposition/estimates.csv,
aipw,decomp_intensity,log_mean_ratio,6.280582047554873,5.537694385692442,-0.12588442065080538,0.0541995371364967,-0.23211551343833892,-0.01965332786327184,-0.23289822677178285,-0.01557752028330377,3827491,20215,0.5024495704850124,internal/reach_followup_v4/decomposition/estimates.csv,
aipw,decomp_contrast,log_ratio_contrast,,,-0.11604529678380808,0.054535702095308586,-0.2229352728906129,-0.009155320677003254,-0.22522369958811228,-0.007828622890737533,3827491,20215,0.5024495704850124,internal/reach_followup_v4/decomposition/estimates.csv,
outcome_model_only,far_all32,absolute,2.576785016299534,2.3561627877990348,-0.22062222850049906,,,,,,3827491,20215,0.5024495704850124,internal/reach_followup_v4/decomposition/fivefold_outcome_only.csv,
outcome_model_only,far_all32,log_mean_ratio,2.576785016299534,2.3561627877990348,-0.08950814577639887,,,,,,3827491,20215,0.5024495704850124,internal/reach_followup_v4/decomposition/fivefold_outcome_only.csv,
outcome_model_only,any_far_all32,absolute,0.4610713390275123,0.4591858855145028,-0.0018854535130095051,,,,,,3827491,20215,0.5024495704850124,internal/reach_followup_v4/decomposition/fivefold_outcome_only.csv,
outcome_model_only,any_far_all32,log_mean_ratio,0.4610713390275123,0.4591858855145028,-0.004097672044149979,,,,,,3827491,20215,0.5024495704850124,internal/reach_followup_v4/decomposition/fivefold_outcome_only.csv,
outcome_model_only,n_macros_cited_named31,absolute,1.5167050464094292,1.4737521207185955,-0.04295292569083364,,,,,,3827491,20215,0.5024495704850124,internal/reach_followup_v4/decomposition/fivefold_outcome_only.csv,
outcome_model_only,n_macros_cited_named31,log_mean_ratio,1.5167050464094292,1.4737521207185955,-0.028728637436258923,,,,,,3827491,20215,0.5024495704850124,internal/reach_followup_v4/decomposition/fivefold_outcome_only.csv,
outcome_model_only,n_macros_cited_all32,absolute,1.531573853271765,1.4882147289051122,-0.0433591243666529,,,,,,3827491,20215,0.5024495704850124,internal/reach_followup_v4/decomposition/fivefold_outcome_only.csv,
outcome_model_only,n_macros_cited_all32,log_mean_ratio,1.531573853271765,1.4882147289051122,-0.02871863590345976,,,,,,3827491,20215,0.5024495704850124,internal/reach_followup_v4/decomposition/fivefold_outcome_only.csv,
outcome_model_only,far_given_any_far,absolute,5.588690508792992,5.131174241470927,-0.45751626732206496,,,,,,3827491,20215,0.5024495704850124,internal/reach_followup_v4/decomposition/fivefold_outcome_only.csv,
outcome_model_only,far_given_any_far,log_mean_ratio,5.588690508792992,5.131174241470927,-0.08541047373224879,,,,,,3827491,20215,0.5024495704850124,internal/reach_followup_v4/decomposition/fivefold_outcome_only.csv,
outcome_model_only,intensity_vs_probability,log_ratio_contrast,12.121097183313564,11.17450340556878,-0.08131280168809898,,,,,,3827491,20215,0.5024495704850124,internal/reach_followup_v4/decomposition/fivefold_outcome_only.csv,
ipw,n_macros_other_named31,mean_broad,1.094175619460183,0.9156199626045487,1.094175619460183,0.04364186122354973,1.0086375714620255,1.1797136674583406,1.0017889899903787,1.184163594231416,3827491,20215,0.5024495704850124,internal/reach_followup_v5/area_estimates.csv,
ipw,n_macros_other_named31,mean_specialized,1.094175619460183,0.9156199626045487,0.9156199626045487,0.050908346848503115,0.8158396027814826,1.015400322427615,0.8111898430169865,1.0098778909954051,3827491,20215,0.5024495704850124,internal/reach_followup_v5/area_estimates.csv,
ipw,n_macros_other_named31,absolute,1.094175619460183,0.9156199626045487,-0.17855565685563426,0.06440683961052177,-0.3047930624922569,-0.0523182512190116,-0.31819638185918603,-0.06356143908560175,3827491,20215,0.5024495704850124,internal/reach_followup_v5/area_estimates.csv,
ipw,n_macros_other_named31,log_mean_ratio,1.094175619460183,0.9156199626045487,-0.17815510917152058,0.0658393375829864,-0.3072002108341739,-0.04911000750886724,-0.3185451447733766,-0.06499241247742124,3827491,20215,0.5024495704850124,internal/reach_followup_v5/area_estimates.csv,
ipw,n_macros_other_named31,relative_percent,1.094175619460183,0.9156199626045487,-16.3187383889732,,-26.44966695701504,-4.792361161429259,-27.27937523467208,-6.292542657508658,3827491,20215,0.5024495704850124,internal/reach_followup_v5/area_estimates.csv,
outcome_model_only,n_macros_other_named31,mean_broad,1.0207125200165335,0.9643468973547147,1.0207125200165335,0.02929534816597397,0.9632936376112244,1.0781314024218425,0.9639556755142525,1.077185712889719,3827491,20215,0.5024495704850124,internal/reach_followup_v5/area_estimates.csv,
outcome_model_only,n_macros_other_named31,mean_specialized,1.0207125200165335,0.9643468973547147,0.9643468973547147,0.02659505191131578,0.9122205956085357,1.0164731991008935,0.911599541197048,1.0178305365823115,3827491,20215,0.5024495704850124,internal/reach_followup_v5/area_estimates.csv,
outcome_model_only,n_macros_other_named31,absolute,1.0207125200165335,0.9643468973547147,-0.056365622661818854,0.005756123506435798,-0.06764762473443302,-0.04508362058920469,-0.06780625377594555,-0.04514084973133092,3827491,20215,0.5024495704850124,internal/reach_followup_v5/area_estimates.csv,
outcome_model_only,n_macros_other_named31,log_mean_ratio,1.0207125200165335,0.9643468973547147,-0.05680512953527494,0.005245298646083648,-0.06708591488159889,-0.04652434418895099,-0.06751722040424599,-0.04719554576873935,3827491,20215,0.5024495704850124,internal/reach_followup_v5/area_estimates.csv,
outcome_model_only,n_macros_other_named31,relative_percent,1.0207125200165335,0.9643468973547147,-5.522183921179478,,-6.488514239680754,-4.545867724720405,-6.528837563458903,-4.609915192315674,3827491,20215,0.5024495704850124,internal/reach_followup_v5/area_estimates.csv,
aipw,n_macros_other_named31,mean_broad,1.0252661675871533,0.9715587253730993,1.0252661675871533,0.03204847220491498,0.96245116206552,1.0880811731087867,0.9625920868201885,1.0892586403741007,3827491,20215,0.5024495704850124,internal/reach_followup_v5/area_estimates.csv,
aipw,n_macros_other_named31,mean_specialized,1.0252661675871533,0.9715587253730993,0.9715587253730993,0.03035668605495627,0.912059620705385,1.0310578300408135,0.9102166466599498,1.0314324816612828,3827491,20215,0.5024495704850124,internal/reach_followup_v5/area_estimates.csv,
aipw,n_macros_other_named31,absolute,1.0252661675871533,0.9715587253730993,-0.05370744221405405,0.01631239241570979,-0.08567973134884524,-0.02173515307926286,-0.08589135234074348,-0.02256609061861924,3827491,20215,0.5024495704850124,internal/reach_followup_v5/area_estimates.csv,
aipw,n_macros_other_named31,log_mean_ratio,1.0252661675871533,0.9715587253730993,-0.05380581842157686,0.016256110827664063,-0.08566779564379842,-0.021943841199355302,-0.08576158685542089,-0.02156200646459634,3827491,20215,0.5024495704850124,internal/reach_followup_v5/area_estimates.csv,
aipw,n_macros_other_named31,relative_percent,1.0252661675871533,0.9715587253730993,-5.238390177298875,,-8.21008893406772,-2.1704826607825862,-8.218697617325587,-2.133120820407503,3827491,20215,0.5024495704850124,internal/reach_followup_v5/area_estimates.csv,
aipw_modifiers,reference_entropy_quartile,bh_q,,,0.5150220060537055,,,,,,3827491,20215,0.5024495704850124,internal/reach_followup_v4/modifiers/tests.csv,
aipw_modifiers,reference_entropy_quartile,p_value,,,0.25751100302685276,,,,,,3827491,20215,0.5024495704850124,internal/reach_followup_v4/modifiers/tests.csv,
aipw_modifiers,author_breadth_quartile,bh_q,,,0.4640339891146753,,,,,,3827491,20215,0.5024495704850124,internal/reach_followup_v4/modifiers/tests.csv,
aipw_modifiers,author_breadth_quartile,p_value,,,0.09739447850136077,,,,,,3827491,20215,0.5024495704850124,internal/reach_followup_v4/modifiers/tests.csv,
aipw_modifiers,author_works_quartile,bh_q,,,0.6874189308279013,,,,,,3827491,20215,0.5024495704850124,internal/reach_followup_v4/modifiers/tests.csv,
aipw_modifiers,author_works_quartile,p_value,,,0.6874189308279013,,,,,,3827491,20215,0.5024495704850124,internal/reach_followup_v4/modifiers/tests.csv,
aipw_modifiers,qwen_macro,bh_q,,,0.4640339891146753,,,,,,3827491,20215,0.5024495704850124,internal/reach_followup_v4/modifiers/tests.csv,
aipw_modifiers,qwen_macro,p_value,,,0.18295021561568245,,,,,,3827491,20215,0.5024495704850124,internal/reach_followup_v4/modifiers/tests.csv,
aipw_modifiers,publication_year,bh_q,,,0.6874189308279013,,,,,,3827491,20215,0.5024495704850124,internal/reach_followup_v4/modifiers/tests.csv,
aipw_modifiers,publication_year,p_value,,,0.6475732248022341,,,,,,3827491,20215,0.5024495704850124,internal/reach_followup_v4/modifiers/tests.csv,
aipw_modifiers,author_citations_quartile,bh_q,,,0.6874189308279013,,,,,,3827491,20215,0.5024495704850124,internal/reach_followup_v4/modifiers/tests.csv,
aipw_modifiers,author_citations_quartile,p_value,,,0.5132119989071917,,,,,,3827491,20215,0.5024495704850124,internal/reach_followup_v4/modifiers/tests.csv,
aipw_modifiers,institution_citations_quartile,bh_q,,,0.4640339891146753,,,,,,3827491,20215,0.5024495704850124,internal/reach_followup_v4/modifiers/tests.csv,
aipw_modifiers,institution_citations_quartile,p_value,,,0.18561359564587013,,,,,,3827491,20215,0.5024495704850124,internal/reach_followup_v4/modifiers/tests.csv,
aipw_modifiers,institution_works_quartile,bh_q,,,0.4640339891146753,,,,,,3827491,20215,0.5024495704850124,internal/reach_followup_v4/modifiers/tests.csv,
aipw_modifiers,institution_works_quartile,p_value,,,0.17320309640629425,,,,,,3827491,20215,0.5024495704850124,internal/reach_followup_v4/modifiers/tests.csv,
aipw_modifiers,team_size_quartile,bh_q,,,0.6874189308279013,,,,,,3827491,20215,0.5024495704850124,internal/reach_followup_v4/modifiers/tests.csv,
aipw_modifiers,team_size_quartile,p_value,,,0.5899072627133082,,,,,,3827491,20215,0.5024495704850124,internal/reach_followup_v4/modifiers/tests.csv,
aipw_modifiers,journal_prestige_quartile,bh_q,,,0.6874189308279013,,,,,,3827491,20215,0.5024495704850124,internal/reach_followup_v4/modifiers/tests.csv,
aipw_modifiers,journal_prestige_quartile,p_value,,,0.520691905097094,,,,,,3827491,20215,0.5024495704850124,internal/reach_followup_v4/modifiers/tests.csv,
within_choice_set,history_n,spearman_rho,,,-0.04068635867596675,,,,,,5872,,1.0,internal/reach_followup_v2/within_set_summary.csv,
within_choice_set,prior_prestige,spearman_rho,,,0.08339060499968273,,,,,,5872,,1.0,internal/reach_followup_v2/within_set_summary.csv,
ipw_2015,total_citations_60,absolute,6.361429720309749,4.807961716303883,-1.5534680040060045,1.0937738475133,-3.6972647451320726,0.5903287371200636,-3.815711546051464,0.6575791864479409,596758,11635,,internal/reach_followup_v2/time_window_review.csv,"[t0, t0+60 months)"
ipw_2015,near_60,absolute,1.902078486247127,1.5551562081108263,-0.3469222781363241,0.3233920292648133,-0.9807706554953582,0.2869260992227099,-0.993317640217834,0.2903987403105461,596758,11635,,internal/reach_followup_v2/time_window_review.csv,"[t0, t0+60 months)"
ipw_2015,far_60,absolute,2.619170312449795,1.9759500556875516,-0.6432202567622551,0.4269010616987777,-1.4799463376918591,0.193505824167349,-1.500392658722351,0.220260467553131,596758,11635,,internal/reach_followup_v2/time_window_review.csv,"[t0, t0+60 months)"
ipw_2015,total_citations_120,absolute,14.034392238174648,10.920359325901822,-3.114032912272553,2.2002420378820724,-7.426507306521415,1.198441481976309,-7.525253484719209,1.3057946728053167,596758,11635,,internal/reach_followup_v2/time_window_review.csv,"[t0, t0+120 months)"
ipw_2015,near_120,absolute,4.037366778220791,3.4239359435397505,-0.6134308346809937,0.6204145774460855,-1.829443406475321,0.6025817371133338,-1.853301184734144,0.6189189491550681,596758,11635,,internal/reach_followup_v2/time_window_review.csv,"[t0, t0+120 months)"
ipw_2015,far_120,absolute,5.973200522841672,4.580041518994191,-1.3931590038474944,0.9011673926271178,-3.159447093396645,0.3731290857016565,-3.1241165663769648,0.4386576873239608,596758,11635,,internal/reach_followup_v2/time_window_review.csv,"[t0, t0+120 months)"
ipw_2015,total_citations_late60_120,absolute,7.672962517864679,6.112397609598229,-1.5605649082665476,1.113624292177882,-3.743268520935197,0.6221387044021012,-3.751548728954286,0.6915120036965462,596758,11635,,internal/reach_followup_v2/time_window_review.csv,"[t0+60 months, t0+120 months)"
ipw_2015,near_late60_120,absolute,2.1352882919736347,1.8687797354290088,-0.2665085565446695,0.3001395104587424,-0.8547819970438046,0.3217648839544656,-0.8928563203898384,0.3213240475470384,596758,11635,,internal/reach_followup_v2/time_window_review.csv,"[t0+60 months, t0+120 months)"
ipw_2015,far_late60_120,absolute,3.354030210391873,2.604091463306667,-0.7499387470852394,0.4783182101987343,-1.6874424390747589,0.1875649449042797,-1.6756888025652363,0.2100374163991203,596758,11635,,internal/reach_followup_v2/time_window_review.csv,"[t0+60 months, t0+120 months)"
ipw_2015,theta_y1_5,log_ratio_of_ratios,1.377004330471114,1.2705797947415929,-0.0804370370156886,0.0550719244519561,-0.1883780089415228,0.0275039349101454,-0.1955934004423263,0.0203859678814078,596758,11635,,internal/reach_followup_v2/time_window_review.csv,"[t0, t0+60 months)"
ipw_2015,theta_y1_10,log_ratio_of_ratios,1.479479287120164,1.3376539732354067,-0.1007728794927285,0.0487983636136371,-0.1964176721754574,-0.0051280868099997,-0.2029916936035694,-0.0103517362049212,596758,11635,,internal/reach_followup_v2/time_window_review.csv,"[t0, t0+120 months)"
ipw_2015,theta_y6_10,log_ratio_of_ratios,1.5707622352180557,1.3934715868114838,-0.1197628237771873,0.0482868621927505,-0.2144050736749784,-0.0251205738793963,-0.2131858201138244,-0.0283264867590116,596758,11635,,internal/reach_followup_v2/time_window_review.csv,"[t0+60 months, t0+120 months)"
ipw_2015,theta_120_minus_60,paired_change,,,-0.0203358424770399,0.0172932423993127,-0.0542305975796928,0.0135589126256129,-0.0540216761069742,0.0137799535579277,596758,11635,,internal/reach_followup_v2/time_window_review.csv,"theta_y1_10 minus theta_y1_5: [t0, t0+120 months) versus [t0, t0+60 months)"
aipw_scope_gap_1,near,mean_broad,,,2.22889876243439,0.25081557721961434,1.7373002310839458,2.7204972937848337,1.6971402655721473,2.7068105575069765,1341573,18347,0.5580215127113004,internal/reach_followup_v5/scope_components.csv,
aipw_scope_gap_1,near,mean_specialized,,,1.9524403193463915,0.154537753334341,1.6495463228110832,2.2553343158817,1.6324209937847656,2.251313346724767,1341573,18347,0.5580215127113004,internal/reach_followup_v5/scope_components.csv,
aipw_scope_gap_1,near,absolute,,,-0.2764584430879986,0.19233996433475098,-0.6534447731841105,0.10052788700811333,-0.6432502203215634,0.13003177820110798,1341573,18347,0.5580215127113004,internal/reach_followup_v5/scope_components.csv,
aipw_scope_gap_1,near,log_mean_ratio,,,-0.1324275990051259,0.08651632975912621,-0.3019996053330133,0.03714440732276145,-0.29346867841236646,0.046716279711837755,1341573,18347,0.5580215127113004,internal/reach_followup_v5/scope_components.csv,
aipw_scope_gap_1,near,relative_percent,,,-12.403364735419942,,-26.066164331808434,3.7842882129418056,-25.432742185266154,4.782467778266552,1341573,18347,0.5580215127113004,internal/reach_followup_v5/scope_components.csv,
aipw_scope_gap_1,far,mean_broad,,,3.209162038679095,0.2929766536220781,2.634927797579822,3.7833962797783682,2.632701648358223,3.8010240515326608,1341573,18347,0.5580215127113004,internal/reach_followup_v5/scope_components.csv,
aipw_scope_gap_1,far,mean_specialized,,,2.709626735642972,0.15013131824471046,2.4153693518833395,3.0038841194026045,2.4172006741745364,2.989298026906382,1341573,18347,0.5580215127113004,internal/reach_followup_v5/scope_components.csv,
aipw_scope_gap_1,far,absolute,,,-0.4995353030361232,0.2364184914499988,-0.9629155462781208,-0.03615505979412559,-0.9802040642829021,-0.042524908948721594,1341573,18347,0.5580215127113004,internal/reach_followup_v5/scope_components.csv,
aipw_scope_gap_1,far,log_mean_ratio,,,-0.1691989664426767,0.07327430802276942,-0.3128166101673048,-0.025581322718048638,-0.3169520674092469,-0.023153875304881888,1341573,18347,0.5580215127113004,internal/reach_followup_v5/scope_components.csv,
aipw_scope_gap_1,far,relative_percent,,,-15.565910883133032,,-26.861597133460524,-2.525689301638083,-27.16343332575845,-2.288788122033686,1341573,18347,0.5580215127113004,internal/reach_followup_v5/scope_components.csv,
aipw_scope_gap_1,far_near_routing,log_ratio_contrast,,,-0.03677136743755083,0.03995467394743439,-0.11508252837452224,0.04153979349942058,-0.11781256306633041,0.048812427063325586,1341573,18347,0.5580215127113004,internal/reach_followup_v5/scope_components.csv,
aipw_scope_gap_2,near,mean_broad,,,1.939659374079799,0.13001306104188856,1.6848337744376973,2.1944849737219005,1.6626267433864435,2.1782606609291624,1354905,18035,0.5154697418970464,internal/reach_followup_v5/scope_components.csv,
aipw_scope_gap_2,near,mean_specialized,,,1.8412676558237195,0.07145301170143654,1.701219752888904,1.9813155587585352,1.7035847880419308,1.9849698419849202,1354905,18035,0.5154697418970464,internal/reach_followup_v5/scope_components.csv,
aipw_scope_gap_2,near,absolute,,,-0.09839171825607954,0.1147264488014738,-0.32325555790696814,0.1264721213948091,-0.3049880518141087,0.1366434280367158,1354905,18035,0.5154697418970464,internal/reach_followup_v5/scope_components.csv,
aipw_scope_gap_2,near,log_mean_ratio,,,-0.05205809949715835,0.05934396787453506,-0.16837227653124706,0.06425607753693036,-0.15845191211727275,0.0696105103946247,1354905,18035,0.5154697418970464,internal/reach_followup_v5/scope_components.csv,
aipw_scope_gap_2,near,relative_percent,,,-5.072628708468866,,-15.496081213714646,6.6365436034984455,-14.653599591890412,7.209053180627718,1354905,18035,0.5154697418970464,internal/reach_followup_v5/scope_components.csv,
aipw_scope_gap_2,far,mean_broad,,,2.8738243960786765,0.17626473518460262,2.5283455151168552,3.2193032770404977,2.505960351228744,3.2395831946744744,1354905,18035,0.5154697418970464,internal/reach_followup_v5/scope_components.csv,
aipw_scope_gap_2,far,mean_specialized,,,2.504014851388192,0.09420275936702027,2.3193774430288325,2.6886522597475517,2.321308847444815,2.6725557989231845,1354905,18035,0.5154697418970464,internal/reach_followup_v5/scope_components.csv,
aipw_scope_gap_2,far,absolute,,,-0.36980954469048427,0.1473383571401602,-0.6585927246851982,-0.08102636469577029,-0.6568934177976623,-0.06823566002377583,1354905,18035,0.5154697418970464,internal/reach_followup_v5/scope_components.csv,
aipw_scope_gap_2,far,log_mean_ratio,,,-0.13774830062697593,0.05141260501528182,-0.2385170064569283,-0.03697959479702358,-0.23630097823959123,-0.032882697423189194,1354905,18035,0.5154697418970464,internal/reach_followup_v5/scope_components.csv,
aipw_scope_gap_2,far,relative_percent,,,-12.868202566415961,,-21.22047094634593,-3.6304200443175825,-21.04569970954027,-3.234793898788983,1354905,18035,0.5154697418970464,internal/reach_followup_v5/scope_components.csv,
aipw_scope_gap_2,far_near_routing,log_ratio_contrast,,,-0.08569020112981757,0.0280483819205358,-0.14066502969406774,-0.030715372565567396,-0.141579839361335,-0.03281079387716178,1354905,18035,0.5154697418970464,internal/reach_followup_v5/scope_components.csv,
aipw_scope_gap_3,near,mean_broad,,,2.085601832583589,0.12577376674667773,1.839085249760101,2.3321184154070775,1.8371691674474906,2.3361625079148647,1131013,17340,0.4375264988688658,internal/reach_followup_v5/scope_components.csv,
aipw_scope_gap_3,near,mean_specialized,,,2.080776251920992,0.10455152558208647,1.8758552617801023,2.285697242061881,1.880537764799262,2.302018556859626,1131013,17340,0.4375264988688658,internal/reach_followup_v5/scope_components.csv,
aipw_scope_gap_3,near,absolute,,,-0.004825580662597702,0.1131327525379773,-0.2265657756370332,0.2169146143118378,-0.2119868654171078,0.22927374537933912,1131013,17340,0.4375264988688658,internal/reach_followup_v5/scope_components.csv,
aipw_scope_gap_3,near,log_mean_ratio,,,-0.002316440189785636,0.05428364406443371,-0.1087123825560757,0.10407950217650443,-0.10170001263538439,0.10989118082172677,1131013,17340,0.4375264988688658,internal/reach_followup_v5/scope_components.csv,
aipw_scope_gap_3,near,relative_percent,,,-0.23137593126392608,,-10.301163009716714,10.96886740735597,-9.669951023877774,11.615660460554658,1131013,17340,0.4375264988688658,internal/reach_followup_v5/scope_components.csv,
aipw_scope_gap_3,far,mean_broad,,,2.763745701159607,0.2069739715778893,2.358076716866944,3.16941468545227,2.332811681246536,3.16866974891377,1131013,17340,0.4375264988688658,internal/reach_followup_v5/scope_components.csv,
aipw_scope_gap_3,far,mean_specialized,,,2.4177071998938495,0.10037829644222597,2.2209657388670867,2.6144486609206123,2.2330664398084332,2.614794125684277,1131013,17340,0.4375264988688658,internal/reach_followup_v5/scope_components.csv,
aipw_scope_gap_3,far,absolute,,,-0.346038501265757,0.18961334676267982,-0.7176806609206094,0.025603658389095396,-0.7047707323365973,0.04972500427004966,1131013,17340,0.4375264988688658,internal/reach_followup_v5/scope_components.csv,
aipw_scope_gap_3,far,log_mean_ratio,,,-0.1337672447457324,0.06923715898796369,-0.2694720763621412,0.0019375868706764388,-0.265223728033424,0.008026412245172948,1131013,17340,0.4375264988688658,internal/reach_followup_v5/scope_components.csv,
aipw_scope_gap_3,far,relative_percent,,,-12.520634627149912,,-23.621739318648952,0.19394652050665923,-23.296567630304278,0.805871024646603,1131013,17340,0.4375264988688658,internal/reach_followup_v5/scope_components.csv,
aipw_scope_gap_3,far_near_routing,log_ratio_contrast,,,-0.13145080455594677,0.04185315092639431,-0.21348298037167962,-0.049418628740213924,-0.21563324880133225,-0.04624973110836433,1131013,17340,0.4375264988688658,internal/reach_followup_v5/scope_components.csv,
aipw_scope_endpoints,theta_large_minus_small,log_ratio_contrast,,,-0.09467943711839594,0.05787027295139711,-0.20810517210313428,0.018746297866342396,-0.19871522888714085,0.02400202032096635,3827491,20215,0.5024495704850124,internal/reach_followup_v5/scope_contrast.csv,
ipw_twohop,continuation_per_Q,absolute,0.8040103082929745,0.7889792556750397,-0.015031052617933915,0.018743121002075865,-0.05176756978200261,0.021705464546134777,-0.05688199593551208,0.02192904424260871,10000,4147,,internal/reach_followup_v4/twohop_trial/estimates.csv,
ipw_twohop,continuation_per_Q,log_mean_ratio,0.8040103082929745,0.7889792556750397,-0.01887206177655827,0.02346914653677508,-0.06487158898863743,0.02712746543552088,-0.07125507414597029,0.027425289371151115,10000,4147,,internal/reach_followup_v4/twohop_trial/estimates.csv,
